struttura_nome,nome_appartamento,unit_label,tipologia,month,avg_price,min_price,max_price,weekend_avg,weekday_avg,min_stay_values,closed_days,priced_days,rack_rate,room_min_stay,source_updated_at
Cattolica,Cattolica - Via Amalfi 5 con Balcone,Default,Appartamento,giugno,62.17,25,185.9,84.84,53.92,1/2/3,26,30,400,1,2026-06-19T11:58:18.355+00:00
Cattolica,Cattolica - Via Amalfi 5 con Balcone,Default,Appartamento,luglio,302.16,170,494.67,388.32,266.92,3,3,31,400,1,2026-06-19T11:58:18.355+00:00
Cattolica,Cattolica - Via Amalfi 5 con Cortile,Default,Appartamento,giugno,,,,,,,0,0,400,1,
Cattolica,Cattolica - Via Amalfi 5 con Cortile,Default,Appartamento,luglio,,,,,,,0,0,400,1,
Cattolica,Cattolica - Via Bovio 25,Default,Appartamento,giugno,,,,,,,0,0,400,1,
Cattolica,Cattolica - Via Bovio 25,Default,Appartamento,luglio,,,,,,,0,0,400,1,
Cattolica,Cattolica - Via Bovio 3,Default,Appartamento,giugno,,,,,,,0,0,400,1,
Cattolica,Cattolica - Via Bovio 3,Default,Appartamento,luglio,,,,,,,0,0,400,1,
Cattolica,Cattolica - Via Carducci 19,Default,Bilocale,giugno,148.44,26.73,400,145.41,149.55,1/2/3,22,30,400,1,2026-06-18T19:41:57.375+00:00
Cattolica,Cattolica - Via Carducci 19,Default,Bilocale,luglio,333.55,225,450,363.33,321.36,2/3,0,31,400,1,2026-06-18T19:41:57.375+00:00
Cattolica,Cattolica - Via Cesare Battisti 51,Default,Appartamento,giugno,,,,,,,0,0,0,1,
Cattolica,Cattolica - Via Cesare Battisti 51,Default,Appartamento,luglio,,,,,,,0,0,0,1,
Cattolica,Cattolica - Via Cremona 2/c interno 1 con Balcone Davanti,Default,Appartamento,giugno,123.27,20.25,400,108.21,128.74,1/2/3,20,30,400,1,2026-06-19T14:04:03.703+00:00
Cattolica,Cattolica - Via Cremona 2/c interno 1 con Balcone Davanti,Default,Appartamento,luglio,250,250,250,250,250,3,0,31,400,1,2026-06-19T14:04:03.703+00:00
Cattolica,Cattolica - Via Cremona 2/c interno 2 con Balcone Interno,Default,Appartamento,giugno,75.34,25,159,95.25,68.1,1/2/3,21,30,400,1,2026-06-19T02:00:09.122+00:00
Cattolica,Cattolica - Via Cremona 2/c interno 2 con Balcone Interno,Default,Appartamento,luglio,214.52,150,250,205.56,218.18,3,1,31,400,1,2026-06-19T02:00:09.122+00:00
Cattolica,Cattolica - Via Donizetti 13/a,Default,Appartamento,giugno,46.89,9,132,63.53,40.84,1/2/3,16,30,400,1,2026-06-19T02:00:13.67+00:00
Cattolica,Cattolica - Via Donizetti 13/a,Default,Appartamento,luglio,214.8,132,346.32,276.96,189.38,3,0,31,400,1,2026-06-19T02:00:13.67+00:00
Cattolica,Cattolica - Via Fiume 37,Default,Appartamento,giugno,171.62,90,279.38,240.13,146.71,2/3,28,30,400,1,2026-06-19T02:00:13.682+00:00
Cattolica,Cattolica - Via Fiume 37,Default,Appartamento,luglio,381.94,250,608,495.56,335.45,2/3,21,31,400,1,2026-06-19T02:00:13.682+00:00
Cattolica,Cattolica - Via Giuseppe Mazzini 169,Default,Appartamento,giugno,,,,,,,0,0,400,1,
Cattolica,Cattolica - Via Giuseppe Mazzini 169,Default,Appartamento,luglio,,,,,,,0,0,400,1,
Cattolica,Cattolica - Via Rasi Spinelli 2,Default,Appartamento,giugno,,,,,,,0,0,400,1,
Cattolica,Cattolica - Via Rasi Spinelli 2,Default,Appartamento,luglio,,,,,,,0,0,400,1,
Cattolica,Cattolica - Via Venezia 7 Cortile Interno,Default,Appartamento,giugno,,,,,,,0,0,400,1,
Cattolica,Cattolica - Via Venezia 7 Cortile Interno,Default,Appartamento,luglio,,,,,,,0,0,400,1,
Cattolica,Cattolica - Via Venezia 7 Fronte Strada,Default,Appartamento,giugno,,,,,,,0,0,400,1,
Cattolica,Cattolica - Via Venezia 7 Fronte Strada,Default,Appartamento,luglio,,,,,,,0,0,400,1,
Cattolica,Cattolica - Via Venezia 9 con cucina,Default,Appartamento,giugno,122.36,18.23,363.83,141.3,115.47,1/2/3,25,30,500,1,2026-06-19T02:00:11.309+00:00
Cattolica,Cattolica - Via Venezia 9 con cucina,Default,Appartamento,luglio,421.69,279.5,667.39,542.02,372.47,2/3,4,31,500,1,2026-06-19T02:00:11.309+00:00
Cattolica,Cattolica - Via Verdi 29,Default,Appartamento,giugno,145.38,25,252,197.38,126.47,1/2/3,27,30,400,1,2026-06-19T02:00:11.302+00:00
Cattolica,Cattolica - Via Verdi 29,Default,Appartamento,luglio,297.55,196,467,386.44,261.18,1/3,17,31,400,1,2026-06-19T02:00:11.302+00:00
Cattolica,Cattolica - Via Zara 24,Default,Appartamento,giugno,,,,,,,0,0,400,1,
Cattolica,Cattolica - Via Zara 24,Default,Appartamento,luglio,,,,,,,0,0,400,1,
Gabicce Mare,Gabicce Mare - Via Macchiavelli snc,Default,Trilocale,giugno,,,,,,,0,0,400,3,
Gabicce Mare,Gabicce Mare - Via Macchiavelli snc,Default,Trilocale,luglio,,,,,,,0,0,400,3,
Gabicce Mare,Gabicce Monte - Via Emanuele Filiberto 9,Default,Appartamento,giugno,,,,,,,0,0,400,1,
Gabicce Mare,Gabicce Monte - Via Emanuele Filiberto 9,Default,Appartamento,luglio,,,,,,,0,0,400,1,
Gradara,Fanano - Via Sotto Farneto snc,Default,Appartamento,giugno,,,,,,,0,0,400,1,
Gradara,Fanano - Via Sotto Farneto snc,Default,Appartamento,luglio,,,,,,,0,0,400,1,
Miramare,RESIDENCE VILLA MARGHERITA - Via Principe di Piemonte 52 Miramare,104,Appartamento,giugno,,,,,,,0,0,,,
Miramare,RESIDENCE VILLA MARGHERITA - Via Principe di Piemonte 52 Miramare,104,Appartamento,luglio,,,,,,,0,0,,,
Miramare,RESIDENCE VILLA MARGHERITA - Via Principe di Piemonte 52 Miramare,202,Appartamento,giugno,,,,,,,0,0,0,1,
Miramare,RESIDENCE VILLA MARGHERITA - Via Principe di Piemonte 52 Miramare,202,Appartamento,luglio,,,,,,,0,0,0,1,
Miramare,RESIDENCE VILLA MARGHERITA - Via Principe di Piemonte 52 Miramare,Bilo 1° A,Appartamento,giugno,,,,,,,0,0,0,1,
Miramare,RESIDENCE VILLA MARGHERITA - Via Principe di Piemonte 52 Miramare,Bilo 1° A,Appartamento,luglio,,,,,,,0,0,0,1,
Miramare,RESIDENCE VILLA MARGHERITA - Via Principe di Piemonte 52 Miramare,Bilo 1° B,Appartamento,giugno,,,,,,,0,0,0,1,
Miramare,RESIDENCE VILLA MARGHERITA - Via Principe di Piemonte 52 Miramare,Bilo 1° B,Appartamento,luglio,,,,,,,0,0,0,1,
Miramare,RESIDENCE VILLA MARGHERITA - Via Principe di Piemonte 52 Miramare,Bilo 1° C,Appartamento,giugno,,,,,,,0,0,0,1,
Miramare,RESIDENCE VILLA MARGHERITA - Via Principe di Piemonte 52 Miramare,Bilo 1° C,Appartamento,luglio,,,,,,,0,0,0,1,
Miramare,RESIDENCE VILLA MARGHERITA - Via Principe di Piemonte 52 Miramare,Bilo PT 1,Appartamento,giugno,,,,,,1/2/3,24,0,0,1,2026-06-19T02:00:12.383+00:00
Miramare,RESIDENCE VILLA MARGHERITA - Via Principe di Piemonte 52 Miramare,Bilo PT 1,Appartamento,luglio,,,,,,,0,0,0,1,2026-06-19T02:00:12.383+00:00
Miramare,RESIDENCE VILLA MARGHERITA - Via Principe di Piemonte 52 Miramare,Bilo PT 2,Appartamento,giugno,,,,,,,0,0,0,1,
Miramare,RESIDENCE VILLA MARGHERITA - Via Principe di Piemonte 52 Miramare,Bilo PT 2,Appartamento,luglio,,,,,,,0,0,0,1,
Miramare,RESIDENCE VILLA MARGHERITA - Via Principe di Piemonte 52 Miramare,Bilo PT 3,Appartamento,giugno,,,,,,,0,0,0,1,
Miramare,RESIDENCE VILLA MARGHERITA - Via Principe di Piemonte 52 Miramare,Bilo PT 3,Appartamento,luglio,,,,,,,0,0,0,1,
Miramare,RESIDENCE VILLA MARGHERITA - Via Principe di Piemonte 52 Miramare,Bilo PT 4,Appartamento,giugno,,,,,,,0,0,0,1,
Miramare,RESIDENCE VILLA MARGHERITA - Via Principe di Piemonte 52 Miramare,Bilo PT 4,Appartamento,luglio,,,,,,,0,0,0,1,
Miramare,RESIDENCE VILLA MARGHERITA - Via Principe di Piemonte 52 Miramare,Dependance 1,Appartamento,giugno,,,,,,,0,0,0,1,
Miramare,RESIDENCE VILLA MARGHERITA - Via Principe di Piemonte 52 Miramare,Dependance 1,Appartamento,luglio,,,,,,,0,0,0,1,
Miramare,RESIDENCE VILLA MARGHERITA - Via Principe di Piemonte 52 Miramare,Dependance 2,Appartamento,giugno,,,,,,,0,0,0,1,
Miramare,RESIDENCE VILLA MARGHERITA - Via Principe di Piemonte 52 Miramare,Dependance 2,Appartamento,luglio,,,,,,,0,0,0,1,
Miramare,RESIDENCE VILLA MARGHERITA - Via Principe di Piemonte 52 Miramare,Mono 1° A,Appartamento,giugno,,,,,,,0,0,0,1,
Miramare,RESIDENCE VILLA MARGHERITA - Via Principe di Piemonte 52 Miramare,Mono 1° A,Appartamento,luglio,,,,,,,0,0,0,1,
Miramare,RESIDENCE VILLA MARGHERITA - Via Principe di Piemonte 52 Miramare,Mono 1° B,Appartamento,giugno,,,,,,,0,0,0,1,
Miramare,RESIDENCE VILLA MARGHERITA - Via Principe di Piemonte 52 Miramare,Mono 1° B,Appartamento,luglio,,,,,,,0,0,0,1,
Miramare,RESIDENCE VILLA MARGHERITA - Via Principe di Piemonte 52 Miramare,Mono 3°,Appartamento,giugno,,,,,,,0,0,,,
Miramare,RESIDENCE VILLA MARGHERITA - Via Principe di Piemonte 52 Miramare,Mono 3°,Appartamento,luglio,,,,,,,0,0,,,
Miramare,RESIDENCE VILLA MARGHERITA - Via Principe di Piemonte 52 Miramare,Trilo 1°,Appartamento,giugno,,,,,,,0,0,0,1,
Miramare,RESIDENCE VILLA MARGHERITA - Via Principe di Piemonte 52 Miramare,Trilo 1°,Appartamento,luglio,,,,,,,0,0,0,1,
Miramare,RESIDENCE VILLA MARGHERITA - Via Principe di Piemonte 52 Miramare,Trilo 3° A,Appartamento,giugno,,,,,,,0,0,0,1,
Miramare,RESIDENCE VILLA MARGHERITA - Via Principe di Piemonte 52 Miramare,Trilo 3° A,Appartamento,luglio,,,,,,,0,0,0,1,
Miramare,RESIDENCE VILLA MARGHERITA - Via Principe di Piemonte 52 Miramare,Trilo 3° B,Appartamento,giugno,,,,,,,0,0,0,1,
Miramare,RESIDENCE VILLA MARGHERITA - Via Principe di Piemonte 52 Miramare,Trilo 3° B,Appartamento,luglio,,,,,,,0,0,0,1,
Miramare,RESIDENCE VILLA MARGHERITA - Via Principe di Piemonte 52 Miramare,Trilo 3° C Family,Appartamento,giugno,,,,,,,0,0,0,1,
Miramare,RESIDENCE VILLA MARGHERITA - Via Principe di Piemonte 52 Miramare,Trilo 3° C Family,Appartamento,luglio,,,,,,,0,0,0,1,
Misano Adriatico,Misano Adriatico - Via Litoranea Sud 40 con Balcone,Default,Appartamento,giugno,90.53,20.25,276,123.27,78.63,1/2/3,21,30,300,1,2026-06-19T02:00:14.2+00:00
Misano Adriatico,Misano Adriatico - Via Litoranea Sud 40 con Balcone,Default,Appartamento,luglio,491.35,327,782,635.89,432.23,3,31,31,300,1,2026-06-19T02:00:14.2+00:00
Misano Adriatico,Misano Adriatico - Via Litoranea Sud 40 con Terrazza Panoramica,Default,Trilocale,giugno,,,,,,,0,0,400,1,
Misano Adriatico,Misano Adriatico - Via Litoranea Sud 40 con Terrazza Panoramica,Default,Trilocale,luglio,,,,,,,0,0,400,1,
Montefeltro,RESIDENCE MONTEFELTRO - Strada del Montefeltro 74 Pesaro,1 · Stanza,Stanza,giugno,,,,,,,0,0,,,
Montefeltro,RESIDENCE MONTEFELTRO - Strada del Montefeltro 74 Pesaro,1 · Stanza,Stanza,luglio,,,,,,,0,0,,,
Montefeltro,RESIDENCE MONTEFELTRO - Strada del Montefeltro 74 Pesaro,10 · Monolocale,Monolocale,giugno,,,,,,,0,0,,,
Montefeltro,RESIDENCE MONTEFELTRO - Strada del Montefeltro 74 Pesaro,10 · Monolocale,Monolocale,luglio,,,,,,,0,0,,,
Montefeltro,RESIDENCE MONTEFELTRO - Strada del Montefeltro 74 Pesaro,11 · Monolocale,Monolocale,giugno,,,,,,,0,0,,,
Montefeltro,RESIDENCE MONTEFELTRO - Strada del Montefeltro 74 Pesaro,11 · Monolocale,Monolocale,luglio,,,,,,,0,0,,,
Montefeltro,RESIDENCE MONTEFELTRO - Strada del Montefeltro 74 Pesaro,12 · Monolocale,Monolocale,giugno,,,,,,,0,0,,,
Montefeltro,RESIDENCE MONTEFELTRO - Strada del Montefeltro 74 Pesaro,12 · Monolocale,Monolocale,luglio,,,,,,,0,0,,,
Montefeltro,RESIDENCE MONTEFELTRO - Strada del Montefeltro 74 Pesaro,14 · Monolocale,Monolocale,giugno,,,,,,,0,0,,,
Montefeltro,RESIDENCE MONTEFELTRO - Strada del Montefeltro 74 Pesaro,14 · Monolocale,Monolocale,luglio,,,,,,,0,0,,,
Montefeltro,RESIDENCE MONTEFELTRO - Strada del Montefeltro 74 Pesaro,15 · Monolocale · Beds24,Monolocale,giugno,,,,,,,0,0,0,1,
Montefeltro,RESIDENCE MONTEFELTRO - Strada del Montefeltro 74 Pesaro,15 · Monolocale · Beds24,Monolocale,luglio,,,,,,,0,0,0,1,
Montefeltro,RESIDENCE MONTEFELTRO - Strada del Montefeltro 74 Pesaro,16 · Bilocale,Bilocale,giugno,,,,,,,0,0,,,
Montefeltro,RESIDENCE MONTEFELTRO - Strada del Montefeltro 74 Pesaro,16 · Bilocale,Bilocale,luglio,,,,,,,0,0,,,
Montefeltro,RESIDENCE MONTEFELTRO - Strada del Montefeltro 74 Pesaro,18 · Bilocale · Beds24,Bilocale,giugno,89.01,38,131.22,82.63,91.34,1/2/3,12,30,0,1,2026-06-19T02:00:12.919+00:00
Montefeltro,RESIDENCE MONTEFELTRO - Strada del Montefeltro 74 Pesaro,18 · Bilocale · Beds24,Bilocale,luglio,100,100,100,100,100,2,0,31,0,1,2026-06-19T02:00:12.919+00:00
Montefeltro,RESIDENCE MONTEFELTRO - Strada del Montefeltro 74 Pesaro,19 · Bilocale · Beds24,Bilocale,giugno,,,,,,,0,0,0,1,
Montefeltro,RESIDENCE MONTEFELTRO - Strada del Montefeltro 74 Pesaro,19 · Bilocale · Beds24,Bilocale,luglio,,,,,,,0,0,0,1,
Montefeltro,RESIDENCE MONTEFELTRO - Strada del Montefeltro 74 Pesaro,2 · Stanza,Stanza,giugno,,,,,,,0,0,,,
Montefeltro,RESIDENCE MONTEFELTRO - Strada del Montefeltro 74 Pesaro,2 · Stanza,Stanza,luglio,,,,,,,0,0,,,
Montefeltro,RESIDENCE MONTEFELTRO - Strada del Montefeltro 74 Pesaro,20 · Stanza · Beds24,Stanza,giugno,,,,,,,0,0,0,1,
Montefeltro,RESIDENCE MONTEFELTRO - Strada del Montefeltro 74 Pesaro,20 · Stanza · Beds24,Stanza,luglio,,,,,,,0,0,0,1,
Montefeltro,RESIDENCE MONTEFELTRO - Strada del Montefeltro 74 Pesaro,21 · Bilocale,Bilocale,giugno,,,,,,,0,0,0,1,
Montefeltro,RESIDENCE MONTEFELTRO - Strada del Montefeltro 74 Pesaro,21 · Bilocale,Bilocale,luglio,,,,,,,0,0,0,1,
Montefeltro,RESIDENCE MONTEFELTRO - Strada del Montefeltro 74 Pesaro,22 · Bilocale,Bilocale,giugno,89.01,38,131.22,82.63,91.34,1/2,15,30,0,1,2026-06-18T13:34:35.326+00:00
Montefeltro,RESIDENCE MONTEFELTRO - Strada del Montefeltro 74 Pesaro,22 · Bilocale,Bilocale,luglio,100,100,100,100,100,2,0,31,0,1,2026-06-18T13:34:35.326+00:00
Montefeltro,RESIDENCE MONTEFELTRO - Strada del Montefeltro 74 Pesaro,3 · Monolocale,Monolocale,giugno,,,,,,,0,0,,,
Montefeltro,RESIDENCE MONTEFELTRO - Strada del Montefeltro 74 Pesaro,3 · Monolocale,Monolocale,luglio,,,,,,,0,0,,,
Montefeltro,RESIDENCE MONTEFELTRO - Strada del Montefeltro 74 Pesaro,4 · Monolocale,Monolocale,giugno,,,,,,,0,0,,,
Montefeltro,RESIDENCE MONTEFELTRO - Strada del Montefeltro 74 Pesaro,4 · Monolocale,Monolocale,luglio,,,,,,,0,0,,,
Montefeltro,RESIDENCE MONTEFELTRO - Strada del Montefeltro 74 Pesaro,5 · Stanza,Stanza,giugno,,,,,,,0,0,,,
Montefeltro,RESIDENCE MONTEFELTRO - Strada del Montefeltro 74 Pesaro,5 · Stanza,Stanza,luglio,,,,,,,0,0,,,
Montefeltro,RESIDENCE MONTEFELTRO - Strada del Montefeltro 74 Pesaro,6 · Monolocale,Monolocale,giugno,,,,,,,0,0,,,
Montefeltro,RESIDENCE MONTEFELTRO - Strada del Montefeltro 74 Pesaro,6 · Monolocale,Monolocale,luglio,,,,,,,0,0,,,
Montefeltro,RESIDENCE MONTEFELTRO - Strada del Montefeltro 74 Pesaro,7 · Monolocale,Monolocale,giugno,,,,,,,0,0,0,1,
Montefeltro,RESIDENCE MONTEFELTRO - Strada del Montefeltro 74 Pesaro,7 · Monolocale,Monolocale,luglio,,,,,,,0,0,0,1,
Montefeltro,RESIDENCE MONTEFELTRO - Strada del Montefeltro 74 Pesaro,8 · Monolocale,Monolocale,giugno,,,,,,,0,0,0,1,
Montefeltro,RESIDENCE MONTEFELTRO - Strada del Montefeltro 74 Pesaro,8 · Monolocale,Monolocale,luglio,,,,,,,0,0,0,1,
Montefeltro,RESIDENCE MONTEFELTRO - Strada del Montefeltro 74 Pesaro,9 · Monolocale,Monolocale,giugno,,,,,,,0,0,,,
Montefeltro,RESIDENCE MONTEFELTRO - Strada del Montefeltro 74 Pesaro,9 · Monolocale,Monolocale,luglio,,,,,,,0,0,,,
Riccione,Riccione - Via Catullo 22,Default,Appartamento,giugno,353.57,212.58,500,365.1,349.37,3,30,30,500,1,2026-06-18T13:34:34.221+00:00
Riccione,Riccione - Via Catullo 22,Default,Appartamento,luglio,500,500,500,500,500,3,31,31,500,1,2026-06-18T13:34:34.221+00:00
Riccione,Riccione - Via Panzini 12/b,Default,Appartamento,giugno,129.36,9,267,186.63,108.54,1/2/3,28,30,400,1,2026-06-19T02:00:14.224+00:00
Riccione,Riccione - Via Panzini 12/b,Default,Appartamento,luglio,425.58,276,628,523.17,385.66,1/2/3,21,31,400,1,2026-06-19T02:00:14.224+00:00
Rimini,Miramare - Via Lugano 41,Default,Appartamento,giugno,,,,,,,0,0,400,1,
Rimini,Miramare - Via Lugano 41,Default,Appartamento,luglio,,,,,,,0,0,400,1,
Rimini,Rimini - Via Lagomaggio Monolocale,Default,Monolocale,giugno,,,,,,,0,0,250,3,
Rimini,Rimini - Via Lagomaggio Monolocale,Default,Monolocale,luglio,,,,,,,0,0,250,3,
Rimini,Rimini - Via Lagomaggio Trilocale,Default,Trilocale,giugno,,,,,,,0,0,150,0,
Rimini,Rimini - Via Lagomaggio Trilocale,Default,Trilocale,luglio,,,,,,,0,0,150,0,
Rimini,Rimini - Viale Zuara,Default,Appartamento,giugno,,,,,,,0,0,300,1,
Rimini,Rimini - Viale Zuara,Default,Appartamento,luglio,,,,,,,0,0,300,1,
Rimini,Viale Ramusio 2 Rimini,Default,Appartamento,giugno,,,,,,,0,0,500,3,
Rimini,Viale Ramusio 2 Rimini,Default,Appartamento,luglio,,,,,,,0,0,500,3,
Rivazzurra,Rivazzurra - Viale Bergamo 23,Default,Appartamento,giugno,61.61,9,400,45.81,67.35,1/2/3,14,30,500,1,2026-06-19T11:54:21.484+00:00
Rivazzurra,Rivazzurra - Viale Bergamo 23,Default,Appartamento,luglio,160.32,150,170,160,160.45,3,0,31,500,1,2026-06-19T11:54:21.484+00:00
San Giovanni In Marignano,San Giovanni In Marignano - Via Enrico Fermi 8,Default,Appartamento,giugno,,,,,,,0,0,400,1,
San Giovanni In Marignano,San Giovanni In Marignano - Via Enrico Fermi 8,Default,Appartamento,luglio,,,,,,,0,0,400,1,
Valtournenche,Valtournenche - Frazione Chaloz di Sotto SNC - Condominio Grolla A,Default,Appartamento,giugno,,,,,,,0,0,400,1,
Valtournenche,Valtournenche - Frazione Chaloz di Sotto SNC - Condominio Grolla A,Default,Appartamento,luglio,,,,,,,0,0,400,1,
Valtournenche,Valtournenche - Frazione Evette snc - Condominio Lisa,Default,Appartamento,giugno,56.75,22.5,156,62.68,54.59,1/2/3,14,30,400,1,2026-06-18T16:28:29.957+00:00
Valtournenche,Valtournenche - Frazione Evette snc - Condominio Lisa,Default,Appartamento,luglio,283.39,260.4,339.6,339.6,260.4,2/3,0,31,400,1,2026-06-18T16:28:29.957+00:00
Verona,Verona - Vicolo Pozzo 2,Default,Appartamento,giugno,,,,,,,0,0,75,1,
Verona,Verona - Vicolo Pozzo 2,Default,Appartamento,luglio,,,,,,,0,0,75,1,
Viserba,Viserba - Via Giuliano Dati 33 con Giardino,Default,Appartamento,giugno,,,,,,,0,0,400,1,
Viserba,Viserba - Via Giuliano Dati 33 con Giardino,Default,Appartamento,luglio,,,,,,,0,0,400,1,
Viserba,Viserba - Via Giuliano Dati 35 con Balcone,Default,Appartamento,giugno,170.72,27,385,169.63,171.12,1/2/3,17,30,400,1,2026-06-18T13:34:34.223+00:00
Viserba,Viserba - Via Giuliano Dati 35 con Balcone,Default,Appartamento,luglio,511.94,385,668.25,626.69,465,3,8,31,400,1,2026-06-18T13:34:34.223+00:00
Viserbella,Viserbella - Via Massimiliano Grazia 15,Default,Appartamento,giugno,,,,,,,0,0,400,1,
Viserbella,Viserbella - Via Massimiliano Grazia 15,Default,Appartamento,luglio,,,,,,,0,0,400,1,
